HDR,9960066452,20250416,9960066452,Macmillan Distribution,Swansea Warehouse,PONTADULAIS,,SWANSEA,,SA4 8QD,UK,,                                                                                                                                                 
DTL,9960066452,1,9780750935531,44,                                                                                                                                                                                                                             
HDR,9960066453,20250416,9960066453,Macmillan Distribution,Swansea Warehouse,PONTADULAIS,,SWANSEA,,SA4 8QD,UK,,                                                                                                                                                 
DTL,9960066453,1,9780750943666,6,                                                                                                                                                                                                                              
HDR,9960066454,20250416,9960066454,Macmillan Distribution,Swansea Warehouse,PONTADULAIS,,SWANSEA,,SA4 8QD,UK,,                                                                                                                                                 
DTL,9960066454,1,9780750998703,180,                                                                                                                                                                                                                            
HDR,9960066455,20250416,9960066455,Macmillan Distribution,Swansea Warehouse,PONTADULAIS,,SWANSEA,,SA4 8QD,UK,,                                                                                                                                                 
DTL,9960066455,1,9780752451220,12,                                                                                                                                                                                                                             
HDR,9960066456,20250416,9960066456,Macmillan Distribution,Swansea Warehouse,PONTADULAIS,,SWANSEA,,SA4 8QD,UK,,                                                                                                                                                 
DTL,9960066456,1,9780752465647,40,                                                                                                                                                                                                                             
HDR,9960066457,20250416,9960066457,Macmillan Distribution,Swansea Warehouse,PONTADULAIS,,SWANSEA,,SA4 8QD,UK,,                                                                                                                                                 
DTL,9960066457,1,9780752485805,28,                                                                                                                                                                                                                             
HDR,9960066458,20250416,9960066458,Macmillan Distribution,Swansea Warehouse,PONTADULAIS,,SWANSEA,,SA4 8QD,UK,,                                                                                                                                                 
DTL,9960066458,1,9781803994406,17,                                                                                                                                                                                                                             
